Description,Scientific Name,Max Score,Total Score,Query Cover,E value,Per. ident,Acc. Len,Accession  
voltage-dependent calcium channel subunit alpha-2/delta-3-like [Branchiostoma floridae],Branchiostoma floridae,907,907,95%,0.0,44.32,1103,"=HYPERLINK(""https://www.ncbi.nlm.nih.gov/protein/XP_035675410.1?report=genbank&log$=prottop&blast_rank=1&RID=056TUYR801R"",""XP_035675410.1"")"
CACNA2D3 [Branchiostoma lanceolatum],Branchiostoma lanceolatum,873,873,95%,0.0,43.11,1112,"=HYPERLINK(""https://www.ncbi.nlm.nih.gov/protein/CAH1265376.1?report=genbank&log$=prottop&blast_rank=2&RID=056TUYR801R"",""CAH1265376.1"")"
CACNA2D3 [Branchiostoma lanceolatum],Branchiostoma lanceolatum,813,813,88%,0.0,42.23,1070,"=HYPERLINK(""https://www.ncbi.nlm.nih.gov/protein/CAH1265377.1?report=genbank&log$=prottop&blast_rank=3&RID=056TUYR801R"",""CAH1265377.1"")"
voltage-dependent calcium channel subunit alpha-2/delta-3-like [Asterias rubens],Asterias rubens,801,801,95%,0.0,39.78,1117,"=HYPERLINK(""https://www.ncbi.nlm.nih.gov/protein/XP_033647873.1?report=genbank&log$=prottop&blast_rank=4&RID=056TUYR801R"",""XP_033647873.1"")"
voltage-dependent calcium channel subunit alpha-2/delta-3-like isoform X2 [Ciona intestinalis],Ciona intestinalis,545,545,98%,1e-172,31.37,1183,"=HYPERLINK(""https://www.ncbi.nlm.nih.gov/protein/XP_026693329.1?report=genbank&log$=prottop&blast_rank=5&RID=056TUYR801R"",""XP_026693329.1"")"
voltage-dependent calcium channel subunit alpha-2/delta-3-like isoform X1 [Ciona intestinalis],Ciona intestinalis,545,545,98%,2e-172,31.31,1185,"=HYPERLINK(""https://www.ncbi.nlm.nih.gov/protein/XP_026693326.1?report=genbank&log$=prottop&blast_rank=6&RID=056TUYR801R"",""XP_026693326.1"")"
voltage-dependent calcium channel subunit alpha-2/delta-3 isoform X2 [Strongylocentrotus purpuratus],Strongylocentrotus purpuratus,545,737,98%,3e-172,39.29,1225,"=HYPERLINK(""https://www.ncbi.nlm.nih.gov/protein/XP_003725587.2?report=genbank&log$=prottop&blast_rank=7&RID=056TUYR801R"",""XP_003725587.2"")"
voltage-dependent calcium channel subunit alpha-2/delta-3 isoform X1 [Strongylocentrotus purpuratus],Strongylocentrotus purpuratus,536,727,98%,1e-168,38.54,1239,"=HYPERLINK(""https://www.ncbi.nlm.nih.gov/protein/XP_003725588.2?report=genbank&log$=prottop&blast_rank=8&RID=056TUYR801R"",""XP_003725588.2"")"
voltage-dependent calcium channel subunit alpha-2/delta-3-like isoform X3 [Ciona intestinalis],Ciona intestinalis,510,510,98%,7e-160,30.45,1153,"=HYPERLINK(""https://www.ncbi.nlm.nih.gov/protein/XP_026693335.1?report=genbank&log$=prottop&blast_rank=9&RID=056TUYR801R"",""XP_026693335.1"")"
voltage-dependent calcium channel subunit alpha-2/delta-1 isoform X7 [Strongylocentrotus purpuratus],Strongylocentrotus purpuratus,450,450,96%,1e-137,30.15,1093,"=HYPERLINK(""https://www.ncbi.nlm.nih.gov/protein/XP_030828838.1?report=genbank&log$=prottop&blast_rank=10&RID=056TUYR801R"",""XP_030828838.1"")"
voltage-dependent calcium channel subunit alpha-2/delta-1 isoform X6 [Strongylocentrotus purpuratus],Strongylocentrotus purpuratus,449,449,96%,3e-137,29.99,1101,"=HYPERLINK(""https://www.ncbi.nlm.nih.gov/protein/XP_030828837.1?report=genbank&log$=prottop&blast_rank=11&RID=056TUYR801R"",""XP_030828837.1"")"
voltage-dependent calcium channel subunit alpha-2/delta-1 isoform X8 [Strongylocentrotus purpuratus],Strongylocentrotus purpuratus,447,447,96%,2e-136,30.00,1092,"=HYPERLINK(""https://www.ncbi.nlm.nih.gov/protein/XP_030828839.1?report=genbank&log$=prottop&blast_rank=12&RID=056TUYR801R"",""XP_030828839.1"")"
voltage-dependent calcium channel subunit alpha-2/delta-1 isoform X4 [Strongylocentrotus purpuratus],Strongylocentrotus purpuratus,443,443,96%,7e-135,30.04,1103,"=HYPERLINK(""https://www.ncbi.nlm.nih.gov/protein/XP_030828835.1?report=genbank&log$=prottop&blast_rank=13&RID=056TUYR801R"",""XP_030828835.1"")"
voltage-dependent calcium channel subunit alpha-2/delta-1 isoform X1 [Strongylocentrotus purpuratus],Strongylocentrotus purpuratus,441,441,96%,4e-134,29.87,1111,"=HYPERLINK(""https://www.ncbi.nlm.nih.gov/protein/XP_030828832.1?report=genbank&log$=prottop&blast_rank=14&RID=056TUYR801R"",""XP_030828832.1"")"
voltage-dependent calcium channel subunit alpha-2/delta-1 isoform X5 [Strongylocentrotus purpuratus],Strongylocentrotus purpuratus,439,439,96%,2e-133,29.88,1102,"=HYPERLINK(""https://www.ncbi.nlm.nih.gov/protein/XP_030828836.1?report=genbank&log$=prottop&blast_rank=15&RID=056TUYR801R"",""XP_030828836.1"")"
voltage-dependent calcium channel subunit alpha-2/delta-1 isoform X2 [Strongylocentrotus purpuratus],Strongylocentrotus purpuratus,436,436,96%,3e-132,29.83,1105,"=HYPERLINK(""https://www.ncbi.nlm.nih.gov/protein/XP_030828833.1?report=genbank&log$=prottop&blast_rank=16&RID=056TUYR801R"",""XP_030828833.1"")"
voltage-dependent calcium channel subunit alpha-2/delta-1 isoform X3 [Strongylocentrotus purpuratus],Strongylocentrotus purpuratus,430,430,96%,3e-130,29.60,1104,"=HYPERLINK(""https://www.ncbi.nlm.nih.gov/protein/XP_030828834.1?report=genbank&log$=prottop&blast_rank=17&RID=056TUYR801R"",""XP_030828834.1"")"
PREDICTED: voltage-dependent calcium channel subunit alpha-2/delta-3-like [Octopus bimaculoides],Octopus bimaculoides,408,408,52%,4e-127,41.05,621,"=HYPERLINK(""https://www.ncbi.nlm.nih.gov/protein/XP_014768003.1?report=genbank&log$=prottop&blast_rank=18&RID=056TUYR801R"",""XP_014768003.1"")"
voltage-dependent calcium channel subunit alpha-2/delta-2-like [Acropora millepora],Acropora millepora,410,410,97%,5e-123,29.02,1085,"=HYPERLINK(""https://www.ncbi.nlm.nih.gov/protein/XP_029205754.2?report=genbank&log$=prottop&blast_rank=19&RID=056TUYR801R"",""XP_029205754.2"")"
hypothetical protein OCBIM_22001083mg [Octopus bimaculoides],Octopus bimaculoides,389,389,38%,1e-121,46.90,500,"=HYPERLINK(""https://www.ncbi.nlm.nih.gov/protein/KOF94670.1?report=genbank&log$=prottop&blast_rank=20&RID=056TUYR801R"",""KOF94670.1"")"
voltage-dependent calcium channel subunit alpha-2/delta-2-like isoform X6 [Asterias rubens],Asterias rubens,404,404,96%,2e-120,28.99,1100,"=HYPERLINK(""https://www.ncbi.nlm.nih.gov/protein/XP_033647997.1?report=genbank&log$=prottop&blast_rank=21&RID=056TUYR801R"",""XP_033647997.1"")"
voltage-dependent calcium channel subunit alpha-2/delta-2-like isoform X5 [Asterias rubens],Asterias rubens,402,402,96%,1e-119,28.87,1107,"=HYPERLINK(""https://www.ncbi.nlm.nih.gov/protein/XP_033647996.1?report=genbank&log$=prottop&blast_rank=22&RID=056TUYR801R"",""XP_033647996.1"")"
voltage-dependent calcium channel subunit alpha-2/delta-1-like [Branchiostoma floridae],Branchiostoma floridae,396,396,77%,1e-119,31.31,879,"=HYPERLINK(""https://www.ncbi.nlm.nih.gov/protein/XP_035677175.1?report=genbank&log$=prottop&blast_rank=23&RID=056TUYR801R"",""XP_035677175.1"")"
voltage-dependent calcium channel subunit alpha-2/delta-2-like isoform X3 [Asterias rubens],Asterias rubens,395,395,96%,3e-117,28.74,1110,"=HYPERLINK(""https://www.ncbi.nlm.nih.gov/protein/XP_033647994.1?report=genbank&log$=prottop&blast_rank=24&RID=056TUYR801R"",""XP_033647994.1"")"
voltage-dependent calcium channel subunit alpha-2/delta-2-like isoform X1 [Asterias rubens],Asterias rubens,394,394,96%,8e-117,28.61,1117,"=HYPERLINK(""https://www.ncbi.nlm.nih.gov/protein/XP_033647991.1?report=genbank&log$=prottop&blast_rank=25&RID=056TUYR801R"",""XP_033647991.1"")"
voltage-dependent calcium channel subunit alpha-2/delta-2-like isoform X4 [Asterias rubens],Asterias rubens,394,394,96%,8e-117,28.64,1109,"=HYPERLINK(""https://www.ncbi.nlm.nih.gov/protein/XP_033647995.1?report=genbank&log$=prottop&blast_rank=26&RID=056TUYR801R"",""XP_033647995.1"")"
voltage-dependent calcium channel subunit alpha-2/delta-2-like isoform X2 [Asterias rubens],Asterias rubens,393,393,96%,3e-116,28.79,1115,"=HYPERLINK(""https://www.ncbi.nlm.nih.gov/protein/XP_033647992.1?report=genbank&log$=prottop&blast_rank=27&RID=056TUYR801R"",""XP_033647992.1"")"
PREDICTED: voltage-dependent calcium channel subunit alpha-2/delta-1-like [Saccoglossus kowalevskii],Saccoglossus kowalevskii,374,374,76%,2e-111,31.36,862,"=HYPERLINK(""https://www.ncbi.nlm.nih.gov/protein/XP_006820803.1?report=genbank&log$=prottop&blast_rank=28&RID=056TUYR801R"",""XP_006820803.1"")"
voltage-dependent calcium channel subunit alpha-2/delta-2-like isoform X2 [Acropora millepora],Acropora millepora,368,368,96%,2e-107,27.87,1078,"=HYPERLINK(""https://www.ncbi.nlm.nih.gov/protein/XP_044176390.1?report=genbank&log$=prottop&blast_rank=29&RID=056TUYR801R"",""XP_044176390.1"")"
voltage-dependent calcium channel subunit alpha-2/delta-2-like isoform X1 [Acropora millepora],Acropora millepora,367,367,96%,7e-107,27.80,1095,"=HYPERLINK(""https://www.ncbi.nlm.nih.gov/protein/XP_044176389.1?report=genbank&log$=prottop&blast_rank=30&RID=056TUYR801R"",""XP_044176389.1"")"
CACNA2D2 [Branchiostoma lanceolatum],Branchiostoma lanceolatum,359,359,74%,6e-105,29.60,977,"=HYPERLINK(""https://www.ncbi.nlm.nih.gov/protein/CAH1265661.1?report=genbank&log$=prottop&blast_rank=31&RID=056TUYR801R"",""CAH1265661.1"")"
voltage-dependent calcium channel subunit alpha-2/delta-2-like isoform X3 [Acropora millepora],Acropora millepora,351,351,91%,7e-102,27.91,1018,"=HYPERLINK(""https://www.ncbi.nlm.nih.gov/protein/XP_044176391.1?report=genbank&log$=prottop&blast_rank=32&RID=056TUYR801R"",""XP_044176391.1"")"
CACNA2D1 [Branchiostoma lanceolatum],Branchiostoma lanceolatum,313,313,97%,2e-87,26.40,1123,"=HYPERLINK(""https://www.ncbi.nlm.nih.gov/protein/CAH1264824.1?report=genbank&log$=prottop&blast_rank=33&RID=056TUYR801R"",""CAH1264824.1"")"
voltage-dependent calcium channel subunit alpha-2/delta-2-like [Branchiostoma floridae],Branchiostoma floridae,310,310,81%,1e-86,27.13,1089,"=HYPERLINK(""https://www.ncbi.nlm.nih.gov/protein/XP_035677205.1?report=genbank&log$=prottop&blast_rank=34&RID=056TUYR801R"",""XP_035677205.1"")"
CACNA2D1 [Branchiostoma lanceolatum],Branchiostoma lanceolatum,310,310,97%,2e-86,26.24,1125,"=HYPERLINK(""https://www.ncbi.nlm.nih.gov/protein/CAH1264825.1?report=genbank&log$=prottop&blast_rank=35&RID=056TUYR801R"",""CAH1264825.1"")"
CACNA2D1 [Branchiostoma lanceolatum],Branchiostoma lanceolatum,306,306,97%,6e-85,25.72,1116,"=HYPERLINK(""https://www.ncbi.nlm.nih.gov/protein/CAH1264823.1?report=genbank&log$=prottop&blast_rank=36&RID=056TUYR801R"",""CAH1264823.1"")"
PREDICTED: voltage-dependent calcium channel subunit alpha-2/delta-4-like isoform X1 [Hydra vulgaris],Hydra vulgaris,301,301,98%,2e-83,26.41,1069,"=HYPERLINK(""https://www.ncbi.nlm.nih.gov/protein/XP_012558818.1?report=genbank&log$=prottop&blast_rank=37&RID=056TUYR801R"",""XP_012558818.1"")"
VWFA domain-containing protein [Caenorhabditis elegans],Caenorhabditis elegans,264,264,84%,3e-70,24.93,1205,"=HYPERLINK(""https://www.ncbi.nlm.nih.gov/protein/NP_001254955.1?report=genbank&log$=prottop&blast_rank=38&RID=056TUYR801R"",""NP_001254955.1"")"
Voltage-dependent calcium channel unc-36 [Caenorhabditis elegans],Caenorhabditis elegans,250,250,84%,1e-65,24.11,1249,"=HYPERLINK(""https://www.ncbi.nlm.nih.gov/protein/NP_001040851.1?report=genbank&log$=prottop&blast_rank=39&RID=056TUYR801R"",""NP_001040851.1"")"
PREDICTED: voltage-dependent calcium channel subunit alpha-2/delta-1-like isoform X2 [Hydra vulgaris],Hydra vulgaris,245,245,79%,2e-65,26.19,869,"=HYPERLINK(""https://www.ncbi.nlm.nih.gov/protein/XP_012558819.1?report=genbank&log$=prottop&blast_rank=40&RID=056TUYR801R"",""XP_012558819.1"")"
hypothetical protein OCBIM_22004681mg [Octopus bimaculoides],Octopus bimaculoides,239,239,65%,2e-64,26.37,698,"=HYPERLINK(""https://www.ncbi.nlm.nih.gov/protein/KOF93326.1?report=genbank&log$=prottop&blast_rank=41&RID=056TUYR801R"",""KOF93326.1"")"
PREDICTED: voltage-dependent calcium channel subunit alpha-2/delta-2-like [Octopus bimaculoides],Octopus bimaculoides,235,235,66%,6e-63,26.05,714,"=HYPERLINK(""https://www.ncbi.nlm.nih.gov/protein/XP_014768966.1?report=genbank&log$=prottop&blast_rank=42&RID=056TUYR801R"",""XP_014768966.1"")"
PREDICTED: voltage-dependent calcium channel subunit alpha-2/delta-1-like [Hydra vulgaris],Hydra vulgaris,218,218,66%,4e-56,27.40,898,"=HYPERLINK(""https://www.ncbi.nlm.nih.gov/protein/XP_012554363.1?report=genbank&log$=prottop&blast_rank=43&RID=056TUYR801R"",""XP_012554363.1"")"
voltage-dependent calcium channel subunit alpha-2/delta-1-like [Acropora millepora],Acropora millepora,198,198,65%,3e-49,25.33,1172,"=HYPERLINK(""https://www.ncbi.nlm.nih.gov/protein/XP_029192963.2?report=genbank&log$=prottop&blast_rank=44&RID=056TUYR801R"",""XP_029192963.2"")"
voltage-dependent calcium channel subunit alpha-2/delta-3-like [Asterias rubens],Asterias rubens,196,196,89%,2e-48,23.95,1190,"=HYPERLINK(""https://www.ncbi.nlm.nih.gov/protein/XP_033645044.1?report=genbank&log$=prottop&blast_rank=45&RID=056TUYR801R"",""XP_033645044.1"")"
voltage-dependent calcium channel subunit alpha-2/delta-1 [Ciona intestinalis],Ciona intestinalis,192,268,70%,3e-47,28.36,1134,"=HYPERLINK(""https://www.ncbi.nlm.nih.gov/protein/XP_002126163.2?report=genbank&log$=prottop&blast_rank=46&RID=056TUYR801R"",""XP_002126163.2"")"
voltage-dependent calcium channel subunit alpha-2/delta-3 isoform X1 [Strongylocentrotus purpuratus],Strongylocentrotus purpuratus,185,185,79%,5e-45,23.85,1070,"=HYPERLINK(""https://www.ncbi.nlm.nih.gov/protein/XP_030838755.1?report=genbank&log$=prottop&blast_rank=47&RID=056TUYR801R"",""XP_030838755.1"")"
voltage-dependent calcium channel subunit alpha-2/delta-3 isoform X2 [Strongylocentrotus purpuratus],Strongylocentrotus purpuratus,185,185,79%,5e-45,23.93,1195,"=HYPERLINK(""https://www.ncbi.nlm.nih.gov/protein/XP_030838756.1?report=genbank&log$=prottop&blast_rank=48&RID=056TUYR801R"",""XP_030838756.1"")"
PREDICTED: voltage-dependent calcium channel subunit alpha-2/delta-3-like [Priapulus caudatus],Priapulus caudatus,172,172,24%,6e-45,36.21,312,"=HYPERLINK(""https://www.ncbi.nlm.nih.gov/protein/XP_014677375.1?report=genbank&log$=prottop&blast_rank=49&RID=056TUYR801R"",""XP_014677375.1"")"
PREDICTED: voltage-dependent calcium channel subunit alpha-2/delta-1-like [Octopus bimaculoides],Octopus bimaculoides,172,172,28%,2e-44,32.72,372,"=HYPERLINK(""https://www.ncbi.nlm.nih.gov/protein/XP_014773070.1?report=genbank&log$=prottop&blast_rank=50&RID=056TUYR801R"",""XP_014773070.1"")"
CACNA2D2 [Branchiostoma lanceolatum],Branchiostoma lanceolatum,164,164,54%,2e-38,27.39,1206,"=HYPERLINK(""https://www.ncbi.nlm.nih.gov/protein/CAH1252963.1?report=genbank&log$=prottop&blast_rank=51&RID=056TUYR801R"",""CAH1252963.1"")"
PREDICTED: LOW QUALITY PROTEIN: VWFA and cache domain-containing protein 1-like [Octopus bimaculoides],Octopus bimaculoides,161,161,44%,2e-37,27.79,1187,"=HYPERLINK(""https://www.ncbi.nlm.nih.gov/protein/XP_014782806.1?report=genbank&log$=prottop&blast_rank=52&RID=056TUYR801R"",""XP_014782806.1"")"
PREDICTED: voltage-dependent calcium channel subunit alpha-2/delta-1-like [Hydra vulgaris],Hydra vulgaris,160,160,57%,2e-37,25.38,888,"=HYPERLINK(""https://www.ncbi.nlm.nih.gov/protein/XP_012557624.1?report=genbank&log$=prottop&blast_rank=53&RID=056TUYR801R"",""XP_012557624.1"")"
VWFA domain-containing protein [Caenorhabditis elegans],Caenorhabditis elegans,160,160,48%,3e-37,24.41,1067,"=HYPERLINK(""https://www.ncbi.nlm.nih.gov/protein/NP_001022364.1?report=genbank&log$=prottop&blast_rank=54&RID=056TUYR801R"",""NP_001022364.1"")"
VWFA domain-containing protein [Caenorhabditis elegans],Caenorhabditis elegans,160,160,48%,3e-37,24.41,1067,"=HYPERLINK(""https://www.ncbi.nlm.nih.gov/protein/NP_001022363.1?report=genbank&log$=prottop&blast_rank=55&RID=056TUYR801R"",""NP_001022363.1"")"
hypothetical protein OCBIM_22016683mg [Octopus bimaculoides],Octopus bimaculoides,144,144,13%,3e-37,45.03,169,"=HYPERLINK(""https://www.ncbi.nlm.nih.gov/protein/KOF87518.1?report=genbank&log$=prottop&blast_rank=56&RID=056TUYR801R"",""KOF87518.1"")"
PREDICTED: voltage-dependent calcium channel subunit alpha-2/delta-4-like [Amphimedon queenslandica],Amphimedon queenslandica,158,158,43%,1e-36,27.20,973,"=HYPERLINK(""https://www.ncbi.nlm.nih.gov/protein/XP_019850671.1?report=genbank&log$=prottop&blast_rank=57&RID=056TUYR801R"",""XP_019850671.1"")"
PREDICTED: voltage-dependent calcium channel subunit alpha-2/delta-1-like [Hydra vulgaris],Hydra vulgaris,152,152,59%,4e-35,26.37,742,"=HYPERLINK(""https://www.ncbi.nlm.nih.gov/protein/XP_012563893.1?report=genbank&log$=prottop&blast_rank=58&RID=056TUYR801R"",""XP_012563893.1"")"
PREDICTED: voltage-dependent calcium channel subunit alpha-2/delta-3-like [Hydra vulgaris],Hydra vulgaris,139,139,26%,2e-33,29.51,334,"=HYPERLINK(""https://www.ncbi.nlm.nih.gov/protein/XP_012565946.1?report=genbank&log$=prottop&blast_rank=59&RID=056TUYR801R"",""XP_012565946.1"")"
PREDICTED: voltage-dependent calcium channel subunit alpha-2/delta-3-like [Saccoglossus kowalevskii],Saccoglossus kowalevskii,129,129,8%,1e-32,64.89,94,"=HYPERLINK(""https://www.ncbi.nlm.nih.gov/protein/XP_006825818.1?report=genbank&log$=prottop&blast_rank=60&RID=056TUYR801R"",""XP_006825818.1"")"
PREDICTED: voltage-dependent calcium channel subunit alpha-2/delta-3-like [Priapulus caudatus],Priapulus caudatus,140,266,43%,6e-32,34.25,615,"=HYPERLINK(""https://www.ncbi.nlm.nih.gov/protein/XP_014672295.1?report=genbank&log$=prottop&blast_rank=61&RID=056TUYR801R"",""XP_014672295.1"")"
PREDICTED: voltage-dependent calcium channel subunit alpha-2/delta-1-like [Priapulus caudatus],Priapulus caudatus,130,130,17%,2e-31,34.58,249,"=HYPERLINK(""https://www.ncbi.nlm.nih.gov/protein/XP_014678863.1?report=genbank&log$=prottop&blast_rank=62&RID=056TUYR801R"",""XP_014678863.1"")"
VWFA and cache domain-containing protein 1-like [Ciona intestinalis],Ciona intestinalis,140,140,76%,6e-31,22.49,1168,"=HYPERLINK(""https://www.ncbi.nlm.nih.gov/protein/XP_018667936.1?report=genbank&log$=prottop&blast_rank=63&RID=056TUYR801R"",""XP_018667936.1"")"
PREDICTED: voltage-dependent calcium channel subunit alpha-2/delta-1-like [Saccoglossus kowalevskii],Saccoglossus kowalevskii,137,137,54%,3e-30,25.16,1240,"=HYPERLINK(""https://www.ncbi.nlm.nih.gov/protein/XP_002735490.2?report=genbank&log$=prottop&blast_rank=64&RID=056TUYR801R"",""XP_002735490.2"")"
hypothetical protein OCBIM_22037104mg [Octopus bimaculoides],Octopus bimaculoides,137,137,34%,6e-30,27.29,1142,"=HYPERLINK(""https://www.ncbi.nlm.nih.gov/protein/KOF73899.1?report=genbank&log$=prottop&blast_rank=65&RID=056TUYR801R"",""KOF73899.1"")"
PREDICTED: voltage-dependent calcium channel subunit alpha-2/delta-1-like [Hydra vulgaris],Hydra vulgaris,130,130,64%,2e-28,22.82,718,"=HYPERLINK(""https://www.ncbi.nlm.nih.gov/protein/XP_012559870.1?report=genbank&log$=prottop&blast_rank=66&RID=056TUYR801R"",""XP_012559870.1"")"
VWFA and cache domain-containing protein 1-like isoform X2 [Acropora millepora],Acropora millepora,127,127,54%,7e-27,24.12,1129,"=HYPERLINK(""https://www.ncbi.nlm.nih.gov/protein/XP_044182230.1?report=genbank&log$=prottop&blast_rank=67&RID=056TUYR801R"",""XP_044182230.1"")"
VWFA and cache domain-containing protein 1-like isoform X1 [Acropora millepora],Acropora millepora,127,127,56%,8e-27,24.09,1327,"=HYPERLINK(""https://www.ncbi.nlm.nih.gov/protein/XP_044182226.1?report=genbank&log$=prottop&blast_rank=68&RID=056TUYR801R"",""XP_044182226.1"")"
VWFA and cache domain-containing protein 1-like isoform X3 [Acropora millepora],Acropora millepora,127,127,54%,8e-27,24.12,1125,"=HYPERLINK(""https://www.ncbi.nlm.nih.gov/protein/XP_044182231.1?report=genbank&log$=prottop&blast_rank=69&RID=056TUYR801R"",""XP_044182231.1"")"
VWFA and cache domain-containing protein 1-like isoform X1 [Acropora millepora],Acropora millepora,126,126,54%,1e-26,24.12,1130,"=HYPERLINK(""https://www.ncbi.nlm.nih.gov/protein/XP_044182229.1?report=genbank&log$=prottop&blast_rank=70&RID=056TUYR801R"",""XP_044182229.1"")"
voltage-dependent calcium channel subunit alpha-2/delta-3-like [Asterias rubens],Asterias rubens,122,122,32%,5e-26,27.81,598,"=HYPERLINK(""https://www.ncbi.nlm.nih.gov/protein/XP_033646736.1?report=genbank&log$=prottop&blast_rank=71&RID=056TUYR801R"",""XP_033646736.1"")"
VWFA and cache domain-containing protein 1-like isoform X4 [Acropora millepora],Acropora millepora,124,124,76%,6e-26,22.22,1118,"=HYPERLINK(""https://www.ncbi.nlm.nih.gov/protein/XP_044182225.1?report=genbank&log$=prottop&blast_rank=72&RID=056TUYR801R"",""XP_044182225.1"")"
VWFA and cache domain-containing protein 1-like isoform X2 [Acropora millepora],Acropora millepora,124,124,76%,6e-26,22.22,1122,"=HYPERLINK(""https://www.ncbi.nlm.nih.gov/protein/XP_044182223.1?report=genbank&log$=prottop&blast_rank=73&RID=056TUYR801R"",""XP_044182223.1"")"
LOW QUALITY PROTEIN: VWFA and cache domain-containing protein 1-like [Acropora millepora],Acropora millepora,121,121,35%,6e-26,25.45,530,"=HYPERLINK(""https://www.ncbi.nlm.nih.gov/protein/XP_044172637.1?report=genbank&log$=prottop&blast_rank=74&RID=056TUYR801R"",""XP_044172637.1"")"
VWFA and cache domain-containing protein 1-like isoform X3 [Acropora millepora],Acropora millepora,123,123,76%,7e-26,22.22,1121,"=HYPERLINK(""https://www.ncbi.nlm.nih.gov/protein/XP_044182224.1?report=genbank&log$=prottop&blast_rank=75&RID=056TUYR801R"",""XP_044182224.1"")"
PREDICTED: VWFA and cache domain-containing protein 1-like [Saccoglossus kowalevskii],Saccoglossus kowalevskii,122,122,42%,2e-25,26.01,1150,"=HYPERLINK(""https://www.ncbi.nlm.nih.gov/protein/XP_006825324.1?report=genbank&log$=prottop&blast_rank=76&RID=056TUYR801R"",""XP_006825324.1"")"
VWFA and cache domain-containing protein 1-like isoform X1 [Acropora millepora],Acropora millepora,122,122,58%,2e-25,23.46,1335,"=HYPERLINK(""https://www.ncbi.nlm.nih.gov/protein/XP_044182222.1?report=genbank&log$=prottop&blast_rank=77&RID=056TUYR801R"",""XP_044182222.1"")"
uncharacterized protein LOC118416038 isoform X1 [Branchiostoma floridae],Branchiostoma floridae,120,120,62%,1e-24,21.17,2297,"=HYPERLINK(""https://www.ncbi.nlm.nih.gov/protein/XP_035676977.1?report=genbank&log$=prottop&blast_rank=78&RID=056TUYR801R"",""XP_035676977.1"")"
VWFA and cache domain-containing protein 1-like isoform X2 [Acropora millepora],Acropora millepora,119,119,54%,2e-24,25.28,1327,"=HYPERLINK(""https://www.ncbi.nlm.nih.gov/protein/XP_044182227.1?report=genbank&log$=prottop&blast_rank=79&RID=056TUYR801R"",""XP_044182227.1"")"
CACHD1 [Branchiostoma lanceolatum],Branchiostoma lanceolatum,119,119,53%,2e-24,22.42,1309,"=HYPERLINK(""https://www.ncbi.nlm.nih.gov/protein/CAH1244042.1?report=genbank&log$=prottop&blast_rank=80&RID=056TUYR801R"",""CAH1244042.1"")"
uncharacterized protein LOC118416038 isoform X3 [Branchiostoma floridae],Branchiostoma floridae,119,165,64%,3e-24,21.63,2296,"=HYPERLINK(""https://www.ncbi.nlm.nih.gov/protein/XP_035676979.1?report=genbank&log$=prottop&blast_rank=81&RID=056TUYR801R"",""XP_035676979.1"")"
uncharacterized protein PTSG_05636 [Salpingoeca rosetta],Salpingoeca rosetta,117,117,53%,6e-24,22.00,1446,"=HYPERLINK(""https://www.ncbi.nlm.nih.gov/protein/XP_004993504.1?report=genbank&log$=prottop&blast_rank=82&RID=056TUYR801R"",""XP_004993504.1"")"
uncharacterized protein LOC118416038 isoform X2 [Branchiostoma floridae],Branchiostoma floridae,116,163,64%,2e-23,21.50,2296,"=HYPERLINK(""https://www.ncbi.nlm.nih.gov/protein/XP_035676978.1?report=genbank&log$=prottop&blast_rank=83&RID=056TUYR801R"",""XP_035676978.1"")"
voltage-dependent calcium channel subunit alpha-2/delta-2-like [Branchiostoma floridae],Branchiostoma floridae,113,113,32%,3e-23,25.00,583,"=HYPERLINK(""https://www.ncbi.nlm.nih.gov/protein/XP_035694109.1?report=genbank&log$=prottop&blast_rank=84&RID=056TUYR801R"",""XP_035694109.1"")"
PREDICTED: voltage-dependent calcium channel subunit alpha-2/delta-3-like [Saccoglossus kowalevskii],Saccoglossus kowalevskii,111,111,30%,6e-23,29.46,481,"=HYPERLINK(""https://www.ncbi.nlm.nih.gov/protein/XP_006811294.1?report=genbank&log$=prottop&blast_rank=85&RID=056TUYR801R"",""XP_006811294.1"")"
CACNA2D2 [Branchiostoma lanceolatum],Branchiostoma lanceolatum,113,113,32%,8e-23,25.99,871,"=HYPERLINK(""https://www.ncbi.nlm.nih.gov/protein/CAH1244374.1?report=genbank&log$=prottop&blast_rank=86&RID=056TUYR801R"",""CAH1244374.1"")"
uncharacterized protein PTSG_00082 [Salpingoeca rosetta],Salpingoeca rosetta,111,111,30%,1e-22,28.08,571,"=HYPERLINK(""https://www.ncbi.nlm.nih.gov/protein/XP_004998635.1?report=genbank&log$=prottop&blast_rank=87&RID=056TUYR801R"",""XP_004998635.1"")"
PREDICTED: voltage-dependent calcium channel subunit alpha-2/delta-3-like [Hydra vulgaris],Hydra vulgaris,99.8,99.8,15%,2e-21,34.34,164,"=HYPERLINK(""https://www.ncbi.nlm.nih.gov/protein/XP_012563499.1?report=genbank&log$=prottop&blast_rank=88&RID=056TUYR801R"",""XP_012563499.1"")"
CACHD1 [Branchiostoma lanceolatum],Branchiostoma lanceolatum,109,109,61%,3e-21,20.45,2799,"=HYPERLINK(""https://www.ncbi.nlm.nih.gov/protein/CAH1264810.1?report=genbank&log$=prottop&blast_rank=89&RID=056TUYR801R"",""CAH1264810.1"")"
VWFA and cache domain-containing protein 1-like isoform X3 [Branchiostoma floridae],Branchiostoma floridae,107,107,76%,6e-21,20.91,1159,"=HYPERLINK(""https://www.ncbi.nlm.nih.gov/protein/XP_035698585.1?report=genbank&log$=prottop&blast_rank=90&RID=056TUYR801R"",""XP_035698585.1"")"
PREDICTED: VWFA and cache domain-containing protein 1-like [Saccoglossus kowalevskii],Saccoglossus kowalevskii,107,107,32%,6e-21,28.12,1003,"=HYPERLINK(""https://www.ncbi.nlm.nih.gov/protein/XP_006815782.1?report=genbank&log$=prottop&blast_rank=91&RID=056TUYR801R"",""XP_006815782.1"")"
VWFA and cache domain-containing protein 1-like isoform X4 [Branchiostoma floridae],Branchiostoma floridae,107,107,76%,7e-21,20.91,1158,"=HYPERLINK(""https://www.ncbi.nlm.nih.gov/protein/XP_035698586.1?report=genbank&log$=prottop&blast_rank=92&RID=056TUYR801R"",""XP_035698586.1"")"
VWFA and cache domain-containing protein 1-like isoform X5 [Branchiostoma floridae],Branchiostoma floridae,107,107,76%,7e-21,20.91,1157,"=HYPERLINK(""https://www.ncbi.nlm.nih.gov/protein/XP_035698588.1?report=genbank&log$=prottop&blast_rank=93&RID=056TUYR801R"",""XP_035698588.1"")"
VWFA and cache domain-containing protein 1-like isoform X2 [Branchiostoma floridae],Branchiostoma floridae,107,107,76%,1e-20,20.91,1299,"=HYPERLINK(""https://www.ncbi.nlm.nih.gov/protein/XP_035698584.1?report=genbank&log$=prottop&blast_rank=94&RID=056TUYR801R"",""XP_035698584.1"")"
VWFA and cache domain-containing protein 1-like isoform X1 [Branchiostoma floridae],Branchiostoma floridae,107,107,53%,1e-20,21.78,1304,"=HYPERLINK(""https://www.ncbi.nlm.nih.gov/protein/XP_035698583.1?report=genbank&log$=prottop&blast_rank=95&RID=056TUYR801R"",""XP_035698583.1"")"
PREDICTED: voltage-dependent calcium channel subunit alpha-2/delta-1-like [Hydra vulgaris],Hydra vulgaris,105,105,35%,1e-20,26.34,655,"=HYPERLINK(""https://www.ncbi.nlm.nih.gov/protein/XP_004213016.1?report=genbank&log$=prottop&blast_rank=96&RID=056TUYR801R"",""XP_004213016.1"")"
VWFA and cache domain-containing protein 1-like isoform X1 [Ciona intestinalis],Ciona intestinalis,100,100,27%,6e-20,26.28,360,"=HYPERLINK(""https://www.ncbi.nlm.nih.gov/protein/XP_018668084.1?report=genbank&log$=prottop&blast_rank=97&RID=056TUYR801R"",""XP_018668084.1"")"
VWFA and cache domain-containing protein 1-like isoform X2 [Ciona intestinalis],Ciona intestinalis,97.8,97.8,27%,4e-19,26.28,355,"=HYPERLINK(""https://www.ncbi.nlm.nih.gov/protein/XP_026690878.1?report=genbank&log$=prottop&blast_rank=98&RID=056TUYR801R"",""XP_026690878.1"")"
CACHD1 [Branchiostoma lanceolatum],Branchiostoma lanceolatum,100,100,61%,8e-19,20.29,1458,"=HYPERLINK(""https://www.ncbi.nlm.nih.gov/protein/CAH1264811.1?report=genbank&log$=prottop&blast_rank=99&RID=056TUYR801R"",""CAH1264811.1"")"
VWFA and cache domain-containing protein 1-like [Ciona intestinalis],Ciona intestinalis,100,100,31%,1e-18,25.57,972,"=HYPERLINK(""https://www.ncbi.nlm.nih.gov/protein/XP_026692576.1?report=genbank&log$=prottop&blast_rank=100&RID=056TUYR801R"",""XP_026692576.1"")"
PREDICTED: voltage-dependent calcium channel subunit alpha-2/delta-4-like [Saccoglossus kowalevskii],Saccoglossus kowalevskii,90.5,90.5,10%,1e-18,41.80,130,"=HYPERLINK(""https://www.ncbi.nlm.nih.gov/protein/XP_006826069.1?report=genbank&log$=prottop&blast_rank=101&RID=056TUYR801R"",""XP_006826069.1"")"
CACHD1 [Branchiostoma lanceolatum],Branchiostoma lanceolatum,100,100,61%,1e-18,20.29,1437,"=HYPERLINK(""https://www.ncbi.nlm.nih.gov/protein/CAH1264813.1?report=genbank&log$=prottop&blast_rank=102&RID=056TUYR801R"",""CAH1264813.1"")"
CACHD1 [Branchiostoma lanceolatum],Branchiostoma lanceolatum,100,100,61%,1e-18,20.29,1442,"=HYPERLINK(""https://www.ncbi.nlm.nih.gov/protein/CAH1264814.1?report=genbank&log$=prottop&blast_rank=103&RID=056TUYR801R"",""CAH1264814.1"")"
CACHD1 [Branchiostoma lanceolatum],Branchiostoma lanceolatum,100,100,61%,2e-18,20.55,2262,"=HYPERLINK(""https://www.ncbi.nlm.nih.gov/protein/CAH1264812.1?report=genbank&log$=prottop&blast_rank=104&RID=056TUYR801R"",""CAH1264812.1"")"
CACHD1 [Branchiostoma lanceolatum],Branchiostoma lanceolatum,99.8,99.8,61%,2e-18,20.55,1965,"=HYPERLINK(""https://www.ncbi.nlm.nih.gov/protein/CAH1264815.1?report=genbank&log$=prottop&blast_rank=105&RID=056TUYR801R"",""CAH1264815.1"")"
PREDICTED: voltage-dependent calcium channel subunit alpha-2/delta-3-like [Octopus bimaculoides],Octopus bimaculoides,96.7,96.7,47%,1e-17,23.82,683,"=HYPERLINK(""https://www.ncbi.nlm.nih.gov/protein/XP_014769372.1?report=genbank&log$=prottop&blast_rank=106&RID=056TUYR801R"",""XP_014769372.1"")"
voltage-dependent calcium channel subunit alpha-2/delta-3-like [Strongylocentrotus purpuratus],Strongylocentrotus purpuratus,95.9,95.9,60%,2e-17,22.24,924,"=HYPERLINK(""https://www.ncbi.nlm.nih.gov/protein/XP_030839369.1?report=genbank&log$=prottop&blast_rank=107&RID=056TUYR801R"",""XP_030839369.1"")"
PREDICTED: VWFA and cache domain-containing protein 1-like [Saccoglossus kowalevskii],Saccoglossus kowalevskii,94.7,94.7,40%,6e-17,24.80,1070,"=HYPERLINK(""https://www.ncbi.nlm.nih.gov/protein/XP_006825217.1?report=genbank&log$=prottop&blast_rank=108&RID=056TUYR801R"",""XP_006825217.1"")"
PREDICTED: voltage-dependent calcium channel subunit alpha-2/delta-4-like [Saccoglossus kowalevskii],Saccoglossus kowalevskii,80.9,80.9,11%,6e-15,34.15,155,"=HYPERLINK(""https://www.ncbi.nlm.nih.gov/protein/XP_006822511.1?report=genbank&log$=prottop&blast_rank=109&RID=056TUYR801R"",""XP_006822511.1"")"
uncharacterized protein LOC118416225 [Branchiostoma floridae],Branchiostoma floridae,81.6,81.6,23%,2e-13,27.14,430,"=HYPERLINK(""https://www.ncbi.nlm.nih.gov/protein/XP_035677203.1?report=genbank&log$=prottop&blast_rank=110&RID=056TUYR801R"",""XP_035677203.1"")"
uncharacterized protein LOC118423137 [Branchiostoma floridae],Branchiostoma floridae,80.9,131,31%,1e-12,24.38,1878,"=HYPERLINK(""https://www.ncbi.nlm.nih.gov/protein/XP_035687034.1?report=genbank&log$=prottop&blast_rank=111&RID=056TUYR801R"",""XP_035687034.1"")"
PREDICTED: VWFA and cache domain-containing protein 1-like [Saccoglossus kowalevskii],Saccoglossus kowalevskii,79.3,79.3,32%,4e-12,23.34,1207,"=HYPERLINK(""https://www.ncbi.nlm.nih.gov/protein/XP_006825614.1?report=genbank&log$=prottop&blast_rank=112&RID=056TUYR801R"",""XP_006825614.1"")"
CACNA2D1 [Branchiostoma lanceolatum],Branchiostoma lanceolatum,79.0,129,28%,5e-12,25.31,1827,"=HYPERLINK(""https://www.ncbi.nlm.nih.gov/protein/CAH1228066.1?report=genbank&log$=prottop&blast_rank=113&RID=056TUYR801R"",""CAH1228066.1"")"
CACNA2D1 [Branchiostoma lanceolatum],Branchiostoma lanceolatum,79.0,130,28%,6e-12,25.31,1847,"=HYPERLINK(""https://www.ncbi.nlm.nih.gov/protein/CAH1228064.1?report=genbank&log$=prottop&blast_rank=114&RID=056TUYR801R"",""CAH1228064.1"")"
CACNA2D1 [Branchiostoma lanceolatum],Branchiostoma lanceolatum,77.0,126,23%,2e-11,26.30,1639,"=HYPERLINK(""https://www.ncbi.nlm.nih.gov/protein/CAH1228068.1?report=genbank&log$=prottop&blast_rank=115&RID=056TUYR801R"",""CAH1228068.1"")"
voltage-dependent calcium channel subunit alpha-2/delta-2-like isoform X1 [Branchiostoma floridae],Branchiostoma floridae,71.2,71.2,18%,7e-11,25.12,244,"=HYPERLINK(""https://www.ncbi.nlm.nih.gov/protein/XP_035676409.1?report=genbank&log$=prottop&blast_rank=116&RID=056TUYR801R"",""XP_035676409.1"")"
voltage-dependent calcium channel subunit alpha-2/delta-2-like isoform X2 [Branchiostoma floridae],Branchiostoma floridae,70.9,70.9,18%,9e-11,25.12,243,"=HYPERLINK(""https://www.ncbi.nlm.nih.gov/protein/XP_035676410.1?report=genbank&log$=prottop&blast_rank=117&RID=056TUYR801R"",""XP_035676410.1"")"
uncharacterized protein LOC117306366 isoform X1 [Asterias rubens],Asterias rubens,73.6,122,17%,2e-10,29.15,2216,"=HYPERLINK(""https://www.ncbi.nlm.nih.gov/protein/XP_033646860.1?report=genbank&log$=prottop&blast_rank=118&RID=056TUYR801R"",""XP_033646860.1"")"
uncharacterized protein LOC117306366 isoform X2 [Asterias rubens],Asterias rubens,73.6,122,17%,2e-10,29.15,2113,"=HYPERLINK(""https://www.ncbi.nlm.nih.gov/protein/XP_033646861.1?report=genbank&log$=prottop&blast_rank=119&RID=056TUYR801R"",""XP_033646861.1"")"
uncharacterized protein LOC117306368 [Asterias rubens],Asterias rubens,67.0,114,17%,2e-08,28.43,2021,"=HYPERLINK(""https://www.ncbi.nlm.nih.gov/protein/XP_033646864.1?report=genbank&log$=prottop&blast_rank=120&RID=056TUYR801R"",""XP_033646864.1"")"
ITIH4 [Branchiostoma lanceolatum],Branchiostoma lanceolatum,63.2,63.2,17%,2e-07,28.06,475,"=HYPERLINK(""https://www.ncbi.nlm.nih.gov/protein/CAH1274400.1?report=genbank&log$=prottop&blast_rank=121&RID=056TUYR801R"",""CAH1274400.1"")"
ITIH4 [Branchiostoma lanceolatum],Branchiostoma lanceolatum,63.2,63.2,17%,2e-07,28.06,496,"=HYPERLINK(""https://www.ncbi.nlm.nih.gov/protein/CAH1274399.1?report=genbank&log$=prottop&blast_rank=122&RID=056TUYR801R"",""CAH1274399.1"")"
ITIH4 [Branchiostoma lanceolatum],Branchiostoma lanceolatum,63.2,63.2,17%,2e-07,28.06,678,"=HYPERLINK(""https://www.ncbi.nlm.nih.gov/protein/CAH1274398.1?report=genbank&log$=prottop&blast_rank=123&RID=056TUYR801R"",""CAH1274398.1"")"
inter-alpha-trypsin inhibitor heavy chain H4-like [Branchiostoma floridae],Branchiostoma floridae,60.5,60.5,17%,2e-06,26.13,676,"=HYPERLINK(""https://www.ncbi.nlm.nih.gov/protein/XP_035695306.1?report=genbank&log$=prottop&blast_rank=124&RID=056TUYR801R"",""XP_035695306.1"")"
VIT and VWA domain-containing protein [Methanolobus zinderi],Methanolobus zinderi,60.1,60.1,19%,2e-06,27.27,657,"=HYPERLINK(""https://www.ncbi.nlm.nih.gov/protein/WP_176963878.1?report=genbank&log$=prottop&blast_rank=125&RID=056TUYR801R"",""WP_176963878.1"")"
inter-alpha-trypsin inhibitor heavy chain H4-like [Branchiostoma floridae],Branchiostoma floridae,60.1,60.1,17%,2e-06,26.53,687,"=HYPERLINK(""https://www.ncbi.nlm.nih.gov/protein/XP_035695305.1?report=genbank&log$=prottop&blast_rank=126&RID=056TUYR801R"",""XP_035695305.1"")"
ITIH3 [Branchiostoma lanceolatum],Branchiostoma lanceolatum,59.7,59.7,17%,4e-06,26.63,1068,"=HYPERLINK(""https://www.ncbi.nlm.nih.gov/protein/CAH1265361.1?report=genbank&log$=prottop&blast_rank=127&RID=056TUYR801R"",""CAH1265361.1"")"
inter-alpha-trypsin inhibitor heavy chain H4 isoform X2 [Ciona intestinalis],Ciona intestinalis,59.3,59.3,17%,4e-06,26.13,847,"=HYPERLINK(""https://www.ncbi.nlm.nih.gov/protein/XP_018667021.1?report=genbank&log$=prottop&blast_rank=128&RID=056TUYR801R"",""XP_018667021.1"")"
inter-alpha-trypsin inhibitor heavy chain H4 isoform X1 [Ciona intestinalis],Ciona intestinalis,59.3,59.3,17%,5e-06,26.63,864,"=HYPERLINK(""https://www.ncbi.nlm.nih.gov/protein/XP_002122417.1?report=genbank&log$=prottop&blast_rank=129&RID=056TUYR801R"",""XP_002122417.1"")"
ITIH3 [Branchiostoma lanceolatum],Branchiostoma lanceolatum,59.3,59.3,17%,5e-06,26.63,1008,"=HYPERLINK(""https://www.ncbi.nlm.nih.gov/protein/CAH1265360.1?report=genbank&log$=prottop&blast_rank=130&RID=056TUYR801R"",""CAH1265360.1"")"
ITIH3 [Branchiostoma lanceolatum],Branchiostoma lanceolatum,59.3,59.3,17%,5e-06,26.63,968,"=HYPERLINK(""https://www.ncbi.nlm.nih.gov/protein/CAH1265359.1?report=genbank&log$=prottop&blast_rank=131&RID=056TUYR801R"",""CAH1265359.1"")"
hypothetical protein OCBIM_22006043mg [Octopus bimaculoides],Octopus bimaculoides,55.5,55.5,15%,8e-06,26.70,197,"=HYPERLINK(""https://www.ncbi.nlm.nih.gov/protein/KOF92722.1?report=genbank&log$=prottop&blast_rank=132&RID=056TUYR801R"",""KOF92722.1"")"
VWFA and cache domain-containing protein 1-like [Acropora millepora],Acropora millepora,57.4,57.4,35%,1e-05,23.60,678,"=HYPERLINK(""https://www.ncbi.nlm.nih.gov/protein/XP_044182235.1?report=genbank&log$=prottop&blast_rank=133&RID=056TUYR801R"",""XP_044182235.1"")"
PREDICTED: inter-alpha-trypsin inhibitor heavy chain H3-like [Octopus bimaculoides],Octopus bimaculoides,57.0,57.0,11%,2e-05,29.51,793,"=HYPERLINK(""https://www.ncbi.nlm.nih.gov/protein/XP_014788735.1?report=genbank&log$=prottop&blast_rank=134&RID=056TUYR801R"",""XP_014788735.1"")"
hypothetical protein OCBIM_22014896mg [Octopus bimaculoides],Octopus bimaculoides,57.0,57.0,11%,2e-05,29.51,806,"=HYPERLINK(""https://www.ncbi.nlm.nih.gov/protein/KOF65605.1?report=genbank&log$=prottop&blast_rank=135&RID=056TUYR801R"",""KOF65605.1"")"
PREDICTED: inter-alpha-trypsin inhibitor heavy chain H4-like [Priapulus caudatus],Priapulus caudatus,54.3,54.3,17%,1e-04,26.37,654,"=HYPERLINK(""https://www.ncbi.nlm.nih.gov/protein/XP_014677398.1?report=genbank&log$=prottop&blast_rank=136&RID=056TUYR801R"",""XP_014677398.1"")"
hypothetical protein OCBIM_22025855mg [Octopus bimaculoides],Octopus bimaculoides,53.5,53.5,12%,2e-04,28.06,762,"=HYPERLINK(""https://www.ncbi.nlm.nih.gov/protein/KOF81979.1?report=genbank&log$=prottop&blast_rank=137&RID=056TUYR801R"",""KOF81979.1"")"
inter-alpha-trypsin inhibitor heavy chain H3 [Ciona intestinalis],Ciona intestinalis,53.9,53.9,17%,2e-04,24.49,1586,"=HYPERLINK(""https://www.ncbi.nlm.nih.gov/protein/XP_009859948.1?report=genbank&log$=prottop&blast_rank=138&RID=056TUYR801R"",""XP_009859948.1"")"
PREDICTED: inter-alpha-trypsin inhibitor heavy chain H3-like [Octopus bimaculoides],Octopus bimaculoides,53.1,53.1,12%,3e-04,28.06,822,"=HYPERLINK(""https://www.ncbi.nlm.nih.gov/protein/XP_014777000.1?report=genbank&log$=prottop&blast_rank=139&RID=056TUYR801R"",""XP_014777000.1"")"
inter-alpha-trypsin inhibitor heavy chain H5 [Ciona intestinalis],Ciona intestinalis,52.4,52.4,9%,5e-04,30.39,711,"=HYPERLINK(""https://www.ncbi.nlm.nih.gov/protein/XP_026689411.1?report=genbank&log$=prottop&blast_rank=140&RID=056TUYR801R"",""XP_026689411.1"")"
VWFA and cache domain-containing protein 1-like isoform X1 [Ciona intestinalis],Ciona intestinalis,52.4,52.4,31%,5e-04,22.86,1089,"=HYPERLINK(""https://www.ncbi.nlm.nih.gov/protein/XP_002124354.2?report=genbank&log$=prottop&blast_rank=141&RID=056TUYR801R"",""XP_002124354.2"")"
VWFA and cache domain-containing protein 1-like isoform X2 [Ciona intestinalis],Ciona intestinalis,52.4,52.4,31%,6e-04,22.86,1088,"=HYPERLINK(""https://www.ncbi.nlm.nih.gov/protein/XP_026693365.1?report=genbank&log$=prottop&blast_rank=142&RID=056TUYR801R"",""XP_026693365.1"")"
VWFA and cache domain-containing protein 1-like isoform X3 [Ciona intestinalis],Ciona intestinalis,52.4,52.4,31%,7e-04,22.86,994,"=HYPERLINK(""https://www.ncbi.nlm.nih.gov/protein/XP_026693366.1?report=genbank&log$=prottop&blast_rank=143&RID=056TUYR801R"",""XP_026693366.1"")"
PREDICTED: inter-alpha-trypsin inhibitor heavy chain H3-like [Saccoglossus kowalevskii],Saccoglossus kowalevskii,51.6,51.6,15%,8e-04,24.16,646,"=HYPERLINK(""https://www.ncbi.nlm.nih.gov/protein/XP_006815433.1?report=genbank&log$=prottop&blast_rank=144&RID=056TUYR801R"",""XP_006815433.1"")"
uncharacterized protein LOC594390 [Strongylocentrotus purpuratus],Strongylocentrotus purpuratus,51.6,51.6,4%,0.001,37.25,1988,"=HYPERLINK(""https://www.ncbi.nlm.nih.gov/protein/XP_030855775.1?report=genbank&log$=prottop&blast_rank=145&RID=056TUYR801R"",""XP_030855775.1"")"
inter-alpha-trypsin inhibitor heavy chain H4-like isoform X2 [Acropora millepora],Acropora millepora,50.8,50.8,8%,0.001,30.10,668,"=HYPERLINK(""https://www.ncbi.nlm.nih.gov/protein/XP_029196907.2?report=genbank&log$=prottop&blast_rank=146&RID=056TUYR801R"",""XP_029196907.2"")"
inter-alpha-trypsin inhibitor heavy chain H4-like isoform X1 [Acropora millepora],Acropora millepora,50.8,50.8,8%,0.002,30.10,686,"=HYPERLINK(""https://www.ncbi.nlm.nih.gov/protein/XP_044175179.1?report=genbank&log$=prottop&blast_rank=147&RID=056TUYR801R"",""XP_044175179.1"")"
VWFA and cache domain-containing protein 1-like [Branchiostoma floridae],Branchiostoma floridae,48.9,48.9,14%,0.008,24.40,1166,"=HYPERLINK(""https://www.ncbi.nlm.nih.gov/protein/XP_035677201.1?report=genbank&log$=prottop&blast_rank=148&RID=056TUYR801R"",""XP_035677201.1"")"
hypothetical protein DDB_G0292028 [Dictyostelium discoideum AX4],Dictyostelium discoideum AX4,48.5,48.5,17%,0.010,22.46,932,"=HYPERLINK(""https://www.ncbi.nlm.nih.gov/protein/XP_629777.1?report=genbank&log$=prottop&blast_rank=149&RID=056TUYR801R"",""XP_629777.1"")"
CACHD1 [Branchiostoma lanceolatum],Branchiostoma lanceolatum,47.8,47.8,10%,0.017,25.64,1276,"=HYPERLINK(""https://www.ncbi.nlm.nih.gov/protein/CAH1264807.1?report=genbank&log$=prottop&blast_rank=150&RID=056TUYR801R"",""CAH1264807.1"")"
PREDICTED: von Willebrand factor A domain-containing protein 5A-like [Octopus bimaculoides],Octopus bimaculoides,47.0,47.0,17%,0.022,25.40,715,"=HYPERLINK(""https://www.ncbi.nlm.nih.gov/protein/XP_014778507.1?report=genbank&log$=prottop&blast_rank=151&RID=056TUYR801R"",""XP_014778507.1"")"
uncharacterized protein LOC118415805 isoform X2 [Branchiostoma floridae],Branchiostoma floridae,47.0,47.0,16%,0.034,20.92,2791,"=HYPERLINK(""https://www.ncbi.nlm.nih.gov/protein/XP_035676528.1?report=genbank&log$=prottop&blast_rank=152&RID=056TUYR801R"",""XP_035676528.1"")"
uncharacterized protein LOC118415805 isoform X1 [Branchiostoma floridae],Branchiostoma floridae,46.6,46.6,16%,0.035,20.92,2797,"=HYPERLINK(""https://www.ncbi.nlm.nih.gov/protein/XP_035676527.1?report=genbank&log$=prottop&blast_rank=153&RID=056TUYR801R"",""XP_035676527.1"")"
uncharacterized protein LOC582064 [Strongylocentrotus purpuratus],Strongylocentrotus purpuratus,46.6,46.6,4%,0.044,35.29,2399,"=HYPERLINK(""https://www.ncbi.nlm.nih.gov/protein/XP_011679304.2?report=genbank&log$=prottop&blast_rank=154&RID=056TUYR801R"",""XP_011679304.2"")"
HAMP domain-containing protein [Escherichia coli],Escherichia coli,46.2,46.2,8%,0.044,29.67,645,"=HYPERLINK(""https://www.ncbi.nlm.nih.gov/protein/MRF41940.1?report=genbank&log$=prottop&blast_rank=155&RID=056TUYR801R"",""MRF41940.1"")"



		


